"Ukrainian family describes 2 months in mouldy bunker under steel mill, with little food or water",2022-05-07 14:11:38.424549
"Ukrainian family describes 2 months in mouldy bunker under steel mill, with little food or water",2022-05-07 14:11:38.424549
Evacuation efforts go on at Mariupol steel mill as Ukrainian cities brace for more Russian attacks,2022-05-07 14:11:38.424549
Shadow's war: A Canadian veteran under fire in Ukraine,2022-05-07 14:11:38.424549
Russia intensifies attacks on Mariupol,2022-05-07 14:11:38.424549
Europe's path away from Russian oil and toward renewable energy is paved with a dirty reality,2022-05-07 14:11:38.424549
Amnesty International says it has found evidence of war crimes by Russian forces in Ukraine,2022-05-07 14:11:38.424549
Someone is hiding cash all over a city in New Brunswick and residents are loving it,2022-05-07 14:11:38.424549
Previous COVID infection provides an 'edge' over Omicron — especially with vaccination,2022-05-07 14:11:38.424549
"Camper shocked after tents, bed, grill, food, even the dish soap stolen from site",2022-05-07 14:11:38.424549
"For farmers, the mental and emotional stress of extreme weather is taking a toll",2022-05-07 14:11:38.424549
"After fierce 23-game run, Canadian Jeopardy! champ Mattea Roach loses by $1",2022-05-07 14:11:38.424549
Afghanistan's Taliban order women to wear burqa in public,2022-05-07 14:11:38.424549
What this mountain town can teach health officials about COVID-19 vaccinations for kids 5-11,2022-05-07 14:11:38.424549
Canada and the U.S. are looking for 'friendly' trading partners in a perilous world,2022-05-07 14:11:38.424549
Retired Canadian Forces reservist delivers life-saving medical supplies to Ukrainian soldiers,2022-05-07 14:11:38.424549
Why can't we decide whether Doctor Strange is horror?,2022-05-07 14:11:38.424549
Lennox Island treaty lobster fishery gets underway without government approval,2022-05-07 14:11:38.424549
Rising costs hit Mother’s Day bouquets,2022-05-07 14:11:38.424549
Gas prices hit record highs across the country,2022-05-07 14:11:38.424549
"North Korea tests suspected submarine-launched missile, South Korean military says",2022-05-07 14:11:38.424549
Prolific Canadian actor Kenneth Welsh dead at 80,2022-05-07 14:11:38.424549
WATCH: CBC News Network,2022-05-07 14:11:38.424549
Former top commander accused of sexual misconduct returns prestigious military decoration,2022-05-07 14:11:38.424549
"Child among 22 killed in Havana hotel explosion, Cuba says",2022-05-07 14:11:38.424549
"Sask. First Nation elder calls for apology, sharing circle after treatment at Regina Walmart",2022-05-07 14:11:38.424549
"Mysterious plane crash killed 2 suspected hitmen linked to gangs in Alberta, B.C.",2022-05-07 14:11:38.424549
'This is all we had': Flooded-out residents try to salvage what they can in Peguis First Nation,2022-05-07 14:11:38.424549
Olympic champion sprinter Bruny Surin chosen as Canada's chef de mission for Paris 2024,2022-05-07 14:11:38.424549
$1M lotto winners say Ontario pizza delivery man's lawsuit for part of the pot is a 'desperate afterthought',2022-05-07 14:11:38.424549
Woman testifies that Jacob Hoggard turned into a 'monster' during alleged sexual assault,2022-05-07 14:11:38.424549
Conservatives are in a mood to fight — with each other,2022-05-07 14:11:38.424549
"'You shine a light': Ottawa brothers, victims of incest, lift publication ban on their names",2022-05-07 14:11:38.424549
"How do you house 700,000 people? As Peel Region looks to expand out, others push for up",2022-05-07 14:11:38.424549
"Why this B.C. man spent $600 to order pizza all the way from Windsor, Ont. ",2022-05-07 14:11:38.424549
Russia to celebrate Victory Day without a victory in Ukraine,2022-05-08 08:40:44.451068
Russia to celebrate Victory Day without a victory in Ukraine,2022-05-08 08:40:44.451068
"All women, children and older adults rescued from Mariupol steel mill",2022-05-08 08:40:44.451068
"Ukrainian family describes 2 months in mouldy bunker under steel mill, with little food or water",2022-05-08 08:40:44.451068
Day 73 of Russia's invasion of Ukraine,2022-05-08 08:40:44.451068
Trash talk: unparliamentary language has a long history in the House of Commons,2022-05-08 08:40:44.451068
My relationship with my husband's ex-wife makes me a better mother and person,2022-05-08 08:40:44.451068
"RCMP looks to bolster its ranks with civilians, says it's 'playing with the DNA' of the service",2022-05-08 08:40:44.451068
Ultra-fast fashion site Shein has captured the wallets of young shoppers. But at what cost?,2022-05-08 08:40:44.451068
"Filipinos in Canada weigh in on the presidential election from afar, with money and votes",2022-05-08 08:40:44.451068
Flood forecasters watching closely as Manitoba expected to get more rain,2022-05-08 08:40:44.451068
Beijing loyalist John Lee voted in as Hong Kong's next leader after uncontested election,2022-05-08 08:40:44.451068
Skyrocketing inflation forces families to reconsider what they can afford,2022-05-08 08:40:44.451068
Elections Alberta investigating allegation of bulk UCP membership purchases,2022-05-08 08:40:44.451068
"For farmers, the mental and emotional stress of extreme weather is taking a toll",2022-05-08 08:40:44.451068
Cherry trees draw fans wherever they bloom,2022-05-08 08:40:44.451068
Long-shot horse Rich Strike wins Kentucky Derby in stunning upset,2022-05-08 08:40:44.451068
"On Mother's Day, let's celebrate all mothers — not just mothers with male partners",2022-05-08 08:40:44.451068
Previous COVID infection provides an 'edge' over Omicron — especially with vaccination,2022-05-08 08:40:44.451068
"Camper shocked after tents, bed, grill, food, even the dish soap stolen from site",2022-05-08 08:40:44.451068
WATCH: CBC News Network,2022-05-08 08:40:44.451068
At least 27 dead in wake of Havana hotel explosion as search for victims continues,2022-05-08 08:40:44.451068
Nationalist party Sinn Fein wins the most seats in Northern Ireland Assembly for 1st time,2022-05-08 08:40:44.451068
Someone is hiding cash all over a city in New Brunswick and residents are loving it,2022-05-08 08:40:44.451068
"Canada's competition commissioner to oppose $26B Rogers-Shaw merger, say companies",2022-05-08 08:40:44.451068
Afghanistan's Taliban order women to wear burka in public,2022-05-08 08:40:44.451068
Why can't we decide whether Doctor Strange is horror?,2022-05-08 08:40:44.451068
"As the Philippines votes for a new president, a political dynasty is back in play",2022-05-08 08:40:44.451068
Canada and the U.S. are looking for 'friendly' trading partners in a perilous world,2022-05-08 08:40:44.451068
"More people are living in Quebec's Laurentians, but its health-care system can't keep up",2022-05-08 08:40:44.451068
"After fierce 23-game run, Canadian Jeopardy! champ Mattea Roach loses by $1",2022-05-08 08:40:44.451068
What this mountain town can teach health officials about COVID-19 vaccinations for kids 5-11,2022-05-08 08:40:44.451068
Ottawa Community Housing residents worry for their safety,2022-05-08 08:40:44.451068
Trudeau says Putin 'profoundly miscalculated' Ukraine's resolve amid ongoing war,2022-05-09 08:49:02.303793
Trudeau says Putin 'profoundly miscalculated' Ukraine's resolve amid ongoing war,2022-05-09 08:49:02.303793
Russia to mark Victory Day as it presses assault in Ukraine,2022-05-09 08:49:02.303793
"Putin responsible for 'heinous war crimes,' Trudeau says in Ukraine",2022-05-09 08:49:02.303793
Day 74 of Russia's invasion of Ukraine,2022-05-09 08:49:02.303793
Russia to celebrate Victory Day without a victory in Ukraine,2022-05-09 08:49:02.303793
Affordability the top Ontario election issue as cost of living soars,2022-05-09 08:49:02.303793
Mistake by e-commerce platform Shopify nearly costs B.C. business $18K,2022-05-09 08:49:02.303793
Waking up: How some parents and grandparents are learning about safe sleep for their infant,2022-05-09 08:49:02.303793
"For women leaving Quebec politics, is quitting an act of self-preservation?",2022-05-09 08:49:02.303793
The signature sound to some of music's biggest hits is made in Canada,2022-05-09 08:49:02.303793
Mom stunned after maternity leave benefits cut by 50% due to CERB,2022-05-09 08:49:02.303793
Fewer women in the northwest are in skilled trades training than in other parts of Ontario. Why?,2022-05-09 08:49:02.303793
"Professional women's hockey gets 1st $80,000 player",2022-05-09 08:49:02.303793
The Kids in the Hall are back after nearly 30 years,2022-05-09 08:49:02.303793
Filipinos vote on election day in deeply divided democracy,2022-05-09 08:49:02.303793
"After months in pain, these patients paid thousands for surgery outside of B.C.",2022-05-09 08:49:02.303793
The wolverine's world is shrinking. But they've found a safe haven in B.C. mountains,2022-05-09 08:49:02.303793
"After 80 years apart, Toronto woman reunites with daughter on her 98th birthday",2022-05-09 08:49:02.303793
Freedom Convoy protesters say they are struggling to get seized items back from police,2022-05-09 08:49:02.303793
Ultra-fast fashion site Shein has captured the wallets of young shoppers. But at what cost?,2022-05-09 08:49:02.303793
WATCH: CBC News Network,2022-05-09 08:49:02.303793
Ukrainian teen with gunshot wounds drives 4 people to safety during Russian attack,2022-05-09 08:49:02.303793
Dairy access remains 'great frustration' in bilateral trade ties: U.S. representative,2022-05-09 08:49:02.303793
Search dogs deployed in Havana to find survivors as hotel blast death toll rises,2022-05-09 08:49:02.303793
Walrus makes a rare appearance on N.L. beach — and draws a crowd,2022-05-09 08:49:02.303793
How energy efficient are induction stoves compared to gas? Your questions answered,2022-05-09 08:49:02.303793
"RCMP looks to bolster its ranks with civilians, says it's 'playing with the DNA' of the service",2022-05-09 08:49:02.303793
More Ukrainian civilians rescued from besieged city of Mariupol as remaining fighters plead for help,2022-05-09 08:49:02.303793
"As the Philippines votes for a new president, a political dynasty is back in play",2022-05-09 08:49:02.303793
"Filipinos in Canada weigh in on the presidential election from afar, with money and votes",2022-05-09 08:49:02.303793
"Still dealing with flooding concerns, southern Manitoba expected to receive 20-30 mm of rain on Monday",2022-05-09 08:49:02.303793
Russia to celebrate Victory Day without a victory in Ukraine,2022-05-09 08:49:02.303793
Boxing Canada high-performance director Daniel Trepanier resigns amid claims of toxic culture,2022-05-09 08:49:02.303793
Can the West continue arming Ukraine at the current rate?,2022-05-11 08:49:32.549626
Can the West continue arming Ukraine at the current rate?,2022-05-11 08:49:32.549626
"Ukrainians stop Russian gas at key hub, make small gains in east",2022-05-11 08:49:32.549626
"Fearing rape and death, this woman carried evidence out of Ukraine",2022-05-11 08:49:32.549626
"On the shattered edge of Kyiv, an artist honours Ukraine's suffering",2022-05-11 08:49:32.549626
"Ukrainian journalism Pulitzer is bittersweet, says slain reporter's colleague",2022-05-11 08:49:32.549626
Joly says Russian ambassador spreading war 'propaganda' to Canadians,2022-05-11 08:49:32.549626
Is Russia committing genocide in Ukraine? Proving that would be extremely difficult,2022-05-11 08:49:32.549626
A 'time bomb' in the Red Sea could cause a catastrophic oil spill without global help: UN,2022-05-11 08:49:32.549626
Panic buying and U.S. recall have made it harder for Canadian parents to get hypoallergenic formula,2022-05-11 08:49:32.549626
"Infant safe sleep advice in N.S., N.B. parenting books not explicit on bed-sharing risks",2022-05-11 08:49:32.549626
"Anglican church put interests of alleged abusers ahead of victims, says woman whose trust was violated",2022-05-11 08:49:32.549626
This is where the Albertans deciding Jason Kenney's future live (think small),2022-05-11 08:49:32.549626
Bee shortage threatens Quebec's cranberry industry,2022-05-11 08:49:32.549626
"ADHD isn't a liability, just a differently-wired brain that comes with a different set of strengths",2022-05-11 08:49:32.549626
Al Jazeera reporter killed during Israeli raid in West Bank,2022-05-11 08:49:32.549626
Authorities hope to reach survivors trapped in Canadian-owned mine in Burkina Faso,2022-05-11 08:49:32.549626
U.S. Senator: Canada's a freeloader on defence and it's getting tiring,2022-05-11 08:49:32.549626
"A B.C. township sold off a man's property over $6,700 in unpaid taxes. Now it's been ordered to pay him $350K",2022-05-11 08:49:32.549626
"Federal environmental impact law violates constitution, Alberta court says",2022-05-11 08:49:32.549626
"Fearing rape and death, this woman carried evidence out of Ukraine",2022-05-11 08:49:32.549626
"Canadiens win NHL Draft Lottery, own top pick for 1st time since 1980",2022-05-11 08:49:32.549626
"I love my son, but I wish having him had been my choice",2022-05-11 08:49:32.549626
WATCH: CBC News Network,2022-05-11 08:49:32.549626
'Our hopes are fading': Search for missing 5-year-old Frank Young enters 3rd week,2022-05-11 08:49:32.549626
"CSIS was concerned about extremist violence, recruitment amid Freedom Convoy: top spy",2022-05-11 08:49:32.549626
Alberta woman says asthma prevented her from completing breathalyzer test,2022-05-11 08:49:32.549626
"Fugitive Alabama inmate, jail official had multiple guns and were prepared for shootout: sheriff",2022-05-11 08:49:32.549626
The other Ontario: Would-be premiers blame each other for the 'broken' north,2022-05-11 08:49:32.549626
"If Twitter sale goes through, Elon Musk says he will reverse its ban on Donald Trump",2022-05-11 08:49:32.549626
The summer road trip isn't the same when gas costs $2 a litre,2022-05-11 08:49:32.549626
First Nations leaders say Quebec has ignored their pleas to be exempt from French language legislation,2022-05-11 08:49:32.549626
Southern Manitoba braces as flood levels creep up in some areas ahead of forecast rains,2022-05-11 08:49:32.549626
"Heavy rain, snow melt creates 'perfect storm' for flooding in northern Alberta, says chief",2022-05-11 08:49:32.549626
Celebrity chef Mario Batali acquitted of sexual misconduct,2022-05-11 08:49:32.549626
'It was splashing over the windshield': Woman describes flight from flood in N.W.T.'s Paradise Gardens,2022-05-11 08:49:32.549626
"Conservative candidates spar over abortion, inflation — and TV shows",2022-05-12 08:48:54.203812
"Conservative candidates spar over abortion, inflation — and TV shows",2022-05-12 08:48:54.203812
Conservative party leadership candidates discuss abortion,2022-05-12 08:48:54.203812
Personal attacks and party unity at the Conservative leadership debate,2022-05-12 08:48:54.203812
Pierre Poilievre says he'd replace governor of Bank of Canada,2022-05-12 08:48:54.203812
Conservative Party leadership candidates debate illegal blockades,2022-05-12 08:48:54.203812
Conservatives are in a mood to fight — with each other,2022-05-12 08:48:54.203812
"Evacuation order issued for all of Hay River, N.W.T.",2022-05-12 08:48:54.203812
Finland's leaders say they're in favour of NATO membership,2022-05-12 08:48:54.203812
"After a 5-year fight to lower drug prices, Ottawa's pledge quietly falls apart",2022-05-12 08:48:54.203812
These high school students aren't eligible to vote. Here are the issues they wish they had a say in,2022-05-12 08:48:54.203812
"Apple, Google, Microsoft want to ditch passwords to improve security",2022-05-12 08:48:54.203812
North Korea confirms a COVID-19 case for 1st time during pandemic,2022-05-12 08:48:54.203812
"'This should never have happened': Friends, family mourn Calgary mother of 5 killed in road rage incident",2022-05-12 08:48:54.203812
Jagmeet Singh verbally harassed during Ontario election campaign stop in Peterborough,2022-05-12 08:48:54.203812
Expert sounds alarm on Canada's emergency alert system,2022-05-12 08:48:54.203812
Sex assault complainant sobs as court hears emotional call with Jacob Hoggard,2022-05-12 08:48:54.203812
A look inside the Quebec City hat shop where 'it's as though time stopped',2022-05-12 08:48:54.203812
Democrats' bid to enshrine Roe v. Wade abortion access as federal law fails in U.S. Senate,2022-05-12 08:48:54.203812
Finance Canada defends $10 billion loan guarantee for Trans Mountain,2022-05-12 08:48:54.203812
"Nunavut hunters urge Baffinland mine to stop icebreaking, citing narwhal decline",2022-05-12 08:48:54.203812
Al Jazeera reporter killed during Israeli raid in West Bank,2022-05-12 08:48:54.203812
WATCH: CBC News Network,2022-05-12 08:48:54.203812
A 'time bomb' in the Red Sea could cause a catastrophic oil spill without global help: UN,2022-05-12 08:48:54.203812
Pine Creek First Nation starts search of former residential school site,2022-05-12 08:48:54.203812
Environmental groups sue feds to overturn Bay du Nord approval,2022-05-12 08:48:54.203812
"Quebec asks feds to close Roxham Road, says province can't handle influx of refugees",2022-05-12 08:48:54.203812
Federal government announces funding to expand access to abortion services,2022-05-12 08:48:54.203812
Study sheds light on dark history of U.S. Indigenous residential schools,2022-05-12 08:48:54.203812
Gov. Gen. Mary Simon says Indigenous languages 'marginalized all the time' in Canada,2022-05-12 08:48:54.203812
MPs vote down Bloc motion to scrap daily reading of prayer from House procedure,2022-05-12 08:48:54.203812
More than 90% of Great Barrier Reef bleached this year,2022-05-12 08:48:54.203812
Pilot's weather assessment led to helicopter crash that killed 4 family members in northern Alberta,2022-05-12 08:48:54.203812
"Jesse Williams' Broadway nude scene posted online, prompting outrage",2022-05-12 08:48:54.203812
Astronomers hint at 1st photos of Milky Way's supermassive black hole,2022-05-12 08:48:54.203812
"Just beyond Ukraine's battlefields, NATO's elite forces prepare for what could come next",2022-05-14 08:41:47.290268
"Just beyond Ukraine's battlefields, NATO's elite forces prepare for what could come next",2022-05-14 08:41:47.290268
"Anger, sadness follow bombing of cultural centre in Ukrainian town of Derhachi",2022-05-14 08:41:47.290268
Zelensky hopeful Ukraine's forces making progress,2022-05-14 08:41:47.290268
Day 79 of Russia's invasion of Ukraine,2022-05-14 08:41:47.290268
Putin wanted less NATO on his border. Finland and maybe Sweden will give him more,2022-05-14 08:41:47.290268
G7 meeting seeks more ways to pile pressure on Russia,2022-05-14 08:41:47.290268
Newfoundland couple opens home to Ukrainian woman fleeing war,2022-05-14 08:41:47.290268
Why COVID is a key suspect in severe hepatitis cases in kids worldwide,2022-05-14 08:41:47.290268
Liberal MPs to join fight against Quebec's controversial language bill ,2022-05-14 08:41:47.290268
"Avril Lavigne is back, and so is pop-punk",2022-05-14 08:41:47.290268
Indigenous leaders in B.C. say Pope's Canada tour 'a missed opportunity' for skipping province,2022-05-14 08:41:47.290268
Supreme Court restores Calgary man's acquittal for attacking woman while high on magic mushrooms,2022-05-14 08:41:47.290268
"Transgender youth in Alabama can get gender-affirming medical care, judge rules",2022-05-14 08:41:47.290268
How accessible are EV charging stations across Canada?,2022-05-14 08:41:47.290268
Tour bus company charged with health and safety violations in fatal Jasper icefields rollover,2022-05-14 08:41:47.290268
Canadians will feel the impact as cryptocurrency crashes,2022-05-14 08:41:47.290268
Burned-out Winnipeg apartment block transformed into housing for Indigenous youth,2022-05-14 08:41:47.290268
The U.S. is running out of baby formula. Here's what's going on,2022-05-14 08:41:47.290268
Tree Brewing Co. recalls grapefruit radler over undeclared sulphites,2022-05-14 08:41:47.290268
Gas theft on the rise as prices continue to increase,2022-05-14 08:41:47.290268
North Korea reports 21 new fever deaths amid country's 1st COVID-19 outbreak,2022-05-14 08:41:47.290268
Engineer who designed Sask. bridge that collapsed hours after opening facing disciplinary hearing,2022-05-14 08:41:47.290268
WATCH: CBC News Network,2022-05-14 08:41:47.290268
"Water levels down in Peguis First Nation, but Manitoba's flood fight far from over",2022-05-14 08:41:47.290268
"On Sunday, the night sky will offer something of spectacular beauty",2022-05-14 08:41:47.290268
Kamloops woman accused of arson in multiple B.C. wildfires,2022-05-14 08:41:47.290268
Nunavut Impact Review Board rejects proposed Baffinland mine expansion,2022-05-14 08:41:47.290268
Chelsea Poorman's body lay outside a Vancouver mansion for a year. But her death was not considered suspicious,2022-05-14 08:41:47.290268
Humboldt applies for government help to fund $35M Broncos tribute centre,2022-05-14 08:41:47.290268
"Character actor Fred Ward, known for role in The Right Stuff, dead at age 79",2022-05-14 08:41:47.290268
"Quebec English leaders' debate called off after Legault, PQ refuse to participate",2022-05-14 08:41:47.290268
I unlearned a lifetime of Russian propaganda to figure out what information to believe,2022-05-14 08:41:47.290268
He can't vote or buy a lottery ticket. But this Ontario student has his master's in physics,2022-05-14 08:41:47.290268
Israeli police push and hit mourners carrying slain Al Jazeera journalist's casket,2022-05-14 08:41:47.290268
How much does a royal visit cost?,2022-05-14 08:41:47.290268
"'It could have been anyone,' says member of Buffalo neighbourhood grieving after mass shooting",2022-05-16 08:49:11.258283
"'It could have been anyone,' says member of Buffalo neighbourhood grieving after mass shooting",2022-05-16 08:49:11.258283
What we know so far about the victims,2022-05-16 08:49:11.258283
'Longest 10 minutes of my life': mother and daughter separated during shooting,2022-05-16 08:49:11.258283
Accused in Buffalo mass shooting that left 10 dead had previous run-in with police,2022-05-16 08:49:11.258283
Buffalo residents mourn shooting victims,2022-05-16 08:49:11.258283
Southern Ontario families grieve with Buffalo after 'heartbreaking' mass shooting,2022-05-16 08:49:11.258283
Signs of life and death in a liberated eastern Ukrainian village,2022-05-16 08:49:11.258283
Live music and Simu Liu guide Juno Awards ceremony to safe landing,2022-05-16 08:49:11.258283
How Doug Ford went from being a drag on his party to a major asset,2022-05-16 08:49:11.258283
Buyers say Mississauga developer 'holding deposits hostage' after project went awry,2022-05-16 08:49:11.258283
"Family shocked by daycare's call to child protection without warning, question if discrimination at play",2022-05-16 08:49:11.258283
How prejudice rooted in an ancient social system has migrated from India to Canada,2022-05-16 08:49:11.258283
"Farm workers in cannabis grow-op raids often oblivious to criminal nature, OPP say",2022-05-16 08:49:11.258283
"Flames win Game 7 in OT, setting up 1st Battle of Alberta since 1991",2022-05-16 08:49:11.258283
"Suspect in California shooting that left 1 dead was hog-tied by churchgoers, police say",2022-05-16 08:49:11.258283
Lebanon's Hezbollah appears headed to election losses in early results,2022-05-16 08:49:11.258283
"David Milgaard, who spent 23 years in prison for a murder he did not commit, dead at 69",2022-05-16 08:49:11.258283
Putin's irrationality meant no one could have prevented war: Canada's envoy to Ukraine,2022-05-16 08:49:11.258283
She was sterilized without her consent at 14. Now she wants the practice made a crime,2022-05-16 08:49:11.258283
"As interest in electric vehicles soars, experts say they haven't quite hit the mainstream",2022-05-16 08:49:11.258283
Life was a struggle in Zimbabwe. Moving to Nunavut gave me hope,2022-05-16 08:49:11.258283
WATCH: CBC News Network,2022-05-16 08:49:11.258283
"Courts not protecting our kids, domestic violence survivors say",2022-05-16 08:49:11.258283
Should I get an induction stove if my province has a dirty power grid? Your questions answered,2022-05-16 08:49:11.258283
Queer Prom event in Ontario gives attendees the chance to show up as their true selves,2022-05-16 08:49:11.258283
"Inspired by daughter, architect approaches accessibility as a 'lifestyle'",2022-05-16 08:49:11.258283
Millions don't vote in Ontario elections. Here's how some are tackling low turnout,2022-05-16 08:49:11.258283
Televised election debates are important — but they could be better,2022-05-16 08:49:11.258283
"For the only girls team at Quebec City's International Pee-Wee Hockey Tournament, it's about representation",2022-05-16 08:49:11.258283
"Fertility perks are key benefit companies can offer in tight labour market, advocates say",2022-05-16 08:49:11.258283
How to save on gas; What to know about smart baby monitors: CBC's Marketplace cheat sheet,2022-05-16 08:49:11.258283
"Oilers win, Leafs lose in night of Game 7s for hockey fans",2022-05-16 08:49:11.258283
Protesters gather against Quebec's French-language bill in Montreal,2022-05-16 08:49:11.258283
"Manitobans in Red River Valley still reeling from devastating flooding amid wet, windy weekend",2022-05-16 08:49:11.258283
Royal visit: Will Prince Charles and Camilla connect with Canadians?,2022-05-17 08:43:20.760744
Royal visit: Will Prince Charles and Camilla connect with Canadians?,2022-05-17 08:43:20.760744
"Residential school survivors, Indigenous leaders say Queen should apologize next",2022-05-17 08:43:20.760744
"The royals are nearly here, but over half of Canadians want them gone for good. Here's how that could work",2022-05-17 08:43:20.760744
How much does a royal visit cost?,2022-05-17 08:43:20.760744
"In line to join NATO, Sweden and Finland are facing some 'vulnerable' months",2022-05-17 08:43:20.760744
What last night's Ontario leaders' debate means for the rest of the election campaign,2022-05-17 08:43:20.760744
Jason Kenney makes a timely pitch for Alberta oil to U.S. senators. But will it work?,2022-05-17 08:43:20.760744
"If you thought gas prices were high, have you checked out diesel?",2022-05-17 08:43:20.760744
"Young readers suffer when books are banned, says Canadian poet Rupi Kaur",2022-05-17 08:43:20.760744
Thunder Bay leads Ontario in opioid deaths per capita. Here's how 2 organizations handle the crisis,2022-05-17 08:43:20.760744
Buffalo mass shooting victims remembered as volunteers and advocates for Black community,2022-05-17 08:43:20.760744
"Calgary gangster wanted on Canada-wide warrants, accused of killing mother of 5",2022-05-17 08:43:20.760744
"Conservatives condemn racist conspiracy theory, attack each other over Buffalo shooting",2022-05-17 08:43:20.760744
Experts warn homebuyers to protect themselves in cooling market,2022-05-17 08:43:20.760744
Donald Trump plots path to potential 2024 presidential run,2022-05-17 08:43:20.760744
Jury sees photos of Heard's swollen face after fight with Depp,2022-05-17 08:43:20.760744
Glacier melt is past the tipping point in the Canadian Rockies and that's a big problem,2022-05-17 08:43:20.760744
Alberta man pleads guilty to 1st-degree murder in Hinton homicides of mother and young son,2022-05-17 08:43:20.760744
Grandmother of missing 5-year-old Frank Young says family is still hopeful as search reaches Day 28,2022-05-17 08:43:20.760744
WATCH: CBC News Network,2022-05-17 08:43:20.760744
Retired tactical officer calls RCMP 'broken organization' at N.S. mass shooting inquiry,2022-05-17 08:43:20.760744
"U.S. to allow more imports of baby formula, reopen key plant to ease shortages",2022-05-17 08:43:20.760744
Accused in Coutts blockade concerned over 'bias' if faced with vaccinated jury,2022-05-17 08:43:20.760744
"A doctor on his knees, a family left behind. This Calgary photographer shows the front lines of COVID-19 in Alberta",2022-05-17 08:43:20.760744
Historically cold spring deals another blow to B.C. farmers as crops lag,2022-05-17 08:43:20.760744
"'We tolerated the intolerable,' Quebec coroner says in report on pandemic deaths of seniors",2022-05-17 08:43:20.760744
"In remote Northern area, 'burning rocks' hold clues to understanding Mars",2022-05-17 08:43:20.760744
"Floodwaters wash out roads, cut off communities in Manitoba's Parkland area",2022-05-17 08:43:20.760744
Women are owning their roles on the farm and Canada's census shows it,2022-05-17 08:43:20.760744
"Slain doctor's heroism helped save lives in California church mass shooting, authorities say",2022-05-17 08:43:20.760744
Alberta girl soars in winning performance at one of world's biggest powwows,2022-05-17 08:43:20.760744
"Ontario driver who killed woman, 3 daughters sentenced to 17 years in prison",2022-05-17 08:43:20.760744
Mariupol's defenders walk into Russian custody and an uncertain future,2022-05-18 08:42:25.023841
Mariupol's defenders walk into Russian custody and an uncertain future,2022-05-18 08:42:25.023841
"Finland, Sweden apply for NATO membership",2022-05-18 08:42:25.023841
Displaced Ukrainians return home to ruins in Kyiv suburb,2022-05-18 08:42:25.023841
"Canadian crews on the ground, in the air reach milestone transporting aid to war-torn Ukraine",2022-05-18 08:42:25.023841
Aboard a Canadian Forces aircraft delivering aid to Ukraine,2022-05-18 08:42:25.023841
"Sanctioned Russians will be banned from entering Canada, government says",2022-05-18 08:42:25.023841
'The Russians are determined': Ukrainian soldiers defending Donbas city try to keep up morale under fire,2022-05-18 08:42:25.023841
Canadians love their cars so much that high fuel prices won't make most of us change our ways,2022-05-18 08:42:25.023841
Doug Ford's path to another majority runs through these ridings,2022-05-18 08:42:25.023841
Prince Charles and Camilla visit Ottawa today,2022-05-18 08:42:25.023841
Investigators search for culprit behind norovirus outbreak in B.C. oysters,2022-05-18 08:42:25.023841
"This First Nation was on water advisories for 24 years. Now, its treatment plant has won an award",2022-05-18 08:42:25.023841
"Human remains found near Alberta residential school site likely children, First Nation says",2022-05-18 08:42:25.023841
"They fled war, had gentle souls, drove sports cars. Families tell the lives of those lost at Herron",2022-05-18 08:42:25.023841
Tensions rise over passenger delays at airports,2022-05-18 08:42:25.023841
Should you wear a mask? Advice for navigating a mask-optional Canada,2022-05-18 08:42:25.023841
"Skyrocketing gas prices leave Cavendish, P.E.I., tourism operators struggling to find staff",2022-05-18 08:42:25.023841
B.C. company reports no survivors found in refuge chamber after Burkina Faso mine flood,2022-05-18 08:42:25.023841
"Chelsea Poorman's father says Vancouver police lied, mishandled investigation into daughter's disappearance",2022-05-18 08:42:25.023841
Maple Leafs star Mitch Marner's SUV stolen in armed carjacking Monday,2022-05-18 08:42:25.023841
"Schoolkids who happened upon offensive graffiti at London, Ont., park stay to clean it up",2022-05-18 08:42:25.023841
What’s fuelling record-high gas prices in Canada?,2022-05-18 08:42:25.023841
WATCH: CBC News Network,2022-05-18 08:42:25.023841
Republicans bash Biden's energy policies during Jason Kenney's committee appearance,2022-05-18 08:42:25.023841
Biden condemns 'poison' of white supremacy in visit to Buffalo after mass shooting,2022-05-18 08:42:25.023841
"Sanctioned Russians will be banned from entering Canada, government says",2022-05-18 08:42:25.023841
"Hockey fans fired up as Oilers, Flames prepare to face off in NHL playoffs",2022-05-18 08:42:25.023841
RCMP commanding officer explains why he dismissed marked car evidence in N.S. shooting,2022-05-18 08:42:25.023841
"Expanding parliamentary precinct would improve safety, police tell MPs",2022-05-18 08:42:25.023841
"6 months after historic floods, some British Columbians still don't have a home",2022-05-18 08:42:25.023841
'I feel so helpless': Dad of teen he says faces anti-Black racism at Hamilton school works to drive change,2022-05-18 08:42:25.023841
Families of Flight PS752 victims call for cancellation of soccer match with Iran,2022-05-18 08:42:25.023841
2 'Bluewater Survivors' say they were re-victimized by Gymnastics Canada probe,2022-05-18 08:42:25.023841
Gov. Gen. Mary Simon's visit highlights Nunavik's cultural vibrancy,2022-05-18 08:42:25.023841
Marvel's new transgender hero is a plucky troublemaker who fights for the underdog,2022-05-18 08:42:25.023841
"For Alberta conservatives, Jason Kenney became yesterday's man",2022-05-19 08:43:38.631820
"For Alberta conservatives, Jason Kenney became yesterday's man",2022-05-19 08:43:38.631820
Alberta Premier Jason Kenney resigning as UCP leader despite narrow win in leadership review,2022-05-19 08:43:38.631820
Watch Kenney announce he's stepping down,2022-05-19 08:43:38.631820
Constitutional monarchy serves us well — but its figureheads have a serious image problem,2022-05-19 08:43:38.631820
Why Russia's closure of CBC's Moscow bureau was likely just a matter of time,2022-05-19 08:43:38.631820
"The terrorist threat posed by lone actors is 'difficult to detect,' says federal report",2022-05-19 08:43:38.631820
"Particularly in the north, the opioid crisis is top of mind this Ontario election",2022-05-19 08:43:38.631820
"Price fixing has sent Realtor commissions soaring in an already hot market, lawsuit alleges",2022-05-19 08:43:38.631820
Ford's mandate letters could become public today after Supreme Court releases crucial decision on appeal,2022-05-19 08:43:38.631820
B.C. cities hit with disturbing wave of teen violence,2022-05-19 08:43:38.631820
"Family urges Manitoba to change rules, formally accept newborn's Indigenous name",2022-05-19 08:43:38.631820
Flames outfire Oilers in explosive series opener as rivals combine for 15 goals,2022-05-19 08:43:38.631820
North Korea's suspected COVID-19 caseload nears 2-million mark,2022-05-19 08:43:38.631820
U.S. Soccer reaches milestone agreements to pay men's and women's teams equally,2022-05-19 08:43:38.631820
"CFL, CFL Players' Association reach tentative collective agreement",2022-05-19 08:43:38.631820
"Monkeypox cases under investigation in Canada as outbreak spreads in Europe, U.S.",2022-05-19 08:43:38.631820
Stock markets sell off as inflation fears settle in,2022-05-19 08:43:38.631820
19-year-old reservist dies after collapsing during training march,2022-05-19 08:43:38.631820
WATCH: CBC News Network,2022-05-19 08:43:38.631820
Crown trying to put Freedom Convoy leader Tamara Lich back in jail,2022-05-19 08:43:38.631820
How a quick-thinking doctor with a drill saved a man's life,2022-05-19 08:43:38.631820
Ed Fast says Poilievre supporters tried to 'muzzle' him on monetary policy,2022-05-19 08:43:38.631820
Nieces continue investigating 60 years after Saskatoon nurse's death,2022-05-19 08:43:38.631820
"China has lifted a 3-year ban on Canadian canola, Ottawa says",2022-05-19 08:43:38.631820
Kuper Island: Uncovering the B.C. residential school’s notorious past,2022-05-19 08:43:38.631820
"White supremacy is a 'harsh reality' in Canada, says public safety minister ",2022-05-19 08:43:38.631820
The last Battle of Alberta was in 1991. Here's how Calgary is different — and how it remains the same,2022-05-19 08:43:38.631820
U.S. looks to Defence Production Act to combat baby formula shortage,2022-05-19 08:43:38.631820
Incident commanders feared roadblocks would lead to more deaths in N.S. mass shooting,2022-05-19 08:43:38.631820
Mystery vibration rattles Saskatoon homeowners while manufacturing plant hunts for cause,2022-05-19 08:43:38.631820
"Maple Leafs' Marner 'safe and doing well,' thankful for support after carjacking",2022-05-19 08:43:38.631820
Hoping to rent a car this summer? Good luck,2022-05-21 08:42:29.783324
Hoping to rent a car this summer? Good luck,2022-05-21 08:42:29.783324
Why high oil prices aren't creating an economic boom in Canada,2022-05-21 08:42:29.783324
"With gas prices outpacing inflation, why are the roads still so crowded?",2022-05-21 08:42:29.783324
"E-bike buyers deserve cash rebates too, advocates say",2022-05-21 08:42:29.783324
Monkeypox outbreaks may have quietly spread unnoticed for months worldwide,2022-05-21 08:42:29.783324
A gunman cost east Buffalo its only large grocery store — so locals are banding together to keep people fed,2022-05-21 08:42:29.783324
"The Trudeau government isn't using all the tools to protect Canadians from inflation, economist says",2022-05-21 08:42:29.783324
Ukraine in ruins: These homes and lives were shattered by the Russian invasion,2022-05-21 08:42:29.783324
Why federal Liberal voters are key to Doug Ford's Ontario election chances,2022-05-21 08:42:29.783324
Iranian soccer official coming to Canada attended party with man sought by FBI over kidnap plot,2022-05-21 08:42:29.783324
3 ways digital tech will make you think differently about original art,2022-05-21 08:42:29.783324
"U.S., South Korea open to expanded military drills to deter North as Biden visits Seoul",2022-05-21 08:42:29.783324
Alberta Premier Jason Kenney is resigning as United Conservative Party leader. Now what?,2022-05-21 08:42:29.783324
Quebec City sword attacker guilty of 1st-degree murder,2022-05-21 08:42:29.783324
"Work to exhume remains at former Kamloops residential school could begin soon, chief says",2022-05-21 08:42:29.783324
"Deadly tornado damages homes, knocks out power in Michigan",2022-05-21 08:42:29.783324
"What is 5G, and why is Canada banning Huawei from its telecom networks?",2022-05-21 08:42:29.783324
"Daycare left 5-year-old locked alone in vehicle for over an hour, says Kamloops mom",2022-05-21 08:42:29.783324
Hundreds of snow geese expected to have been killed by avian flu in Saskatchewan,2022-05-21 08:42:29.783324
WATCH: CBC News Network,2022-05-21 08:42:29.783324
B.C. teen makes history as 1st female skater drafted to the Canadian Hockey League,2022-05-21 08:42:29.783324
"Officials confirm 10 cases of severe, unexplained hepatitis among Canadian children",2022-05-21 08:42:29.783324
Tamara Lich to find out Wednesday if she's returning to jail,2022-05-21 08:42:29.783324
Early Chinese Canadian gold miners remembered for their contribution to B.C.'s Cariboo communities,2022-05-21 08:42:29.783324
"Somehow, cherished Blackfoot items ended up in Devon, England. Now they're headed home",2022-05-21 08:42:29.783324
"Trudeau says Huawei, ZTE 5G ban took longer because government wanted to get it right",2022-05-21 08:42:29.783324
Racist conspiracy theory that inspired Buffalo shooter also unifies white supremacists in Canada,2022-05-21 08:42:29.783324
Canada's Tammara Thibeault wins gold at boxing worlds,2022-05-21 08:42:29.783324
"B.C. manager 'attacked, belittled and devalued' Black woman who complained of racism, tribunal says",2022-05-21 08:42:29.783324
"This ancient, stolen ring is back home after a wild ride",2022-05-21 08:42:29.783324
"Adopted in the Sixties Scoop, she's spent 20 years reconnecting with her home community",2022-05-21 08:42:29.783324
Southern Ontario town reeling after unidentified girl's remains pulled from river,2022-05-21 08:42:29.783324
Russia's dreaded cyberwarriors seem to be struggling in Ukraine,2022-05-22 08:41:00.661170
Russia's dreaded cyberwarriors seem to be struggling in Ukraine,2022-05-22 08:41:00.661170
Access to medical exams a roadblock for Ukrainians wanting to work in Canada,2022-05-22 08:41:00.661170
Ukraine in ruins: These homes and lives were shattered by the Russian invasion,2022-05-22 08:41:00.661170
"Russia steps up push in Ukraine's Donbas, cuts off gas to Finland",2022-05-22 08:41:00.661170
What happened in Week 13 of Russia’s attack on Ukraine,2022-05-22 08:41:00.661170
Sophie Grégoire Trudeau among 26 more Canadians banned from travel to Russia,2022-05-22 08:41:00.661170
Parliamentary petitions — like the one on public nudity — give ordinary Canadians some skin in the game,2022-05-22 08:41:00.661170
Soaring fuel prices hamper Canadians' long-awaited travel plans,2022-05-22 08:41:00.661170
"Young Thug, Gunna indictment spotlights use of rap lyrics as courtroom evidence",2022-05-22 08:41:00.661170
"Accused Buffalo killer got weapons tips in chat group, prompting calls for online oversight",2022-05-22 08:41:00.661170
"Ontario candidates confront racist slurs on signs, hate on campaign trail",2022-05-22 08:41:00.661170
How employee-owned businesses could shake up Canada's business scene,2022-05-22 08:41:00.661170
"4 people killed across Ontario, 1 dead in Quebec after dangerous thunderstorms",2022-05-22 08:41:00.661170
Monkeypox outbreaks may have spread unnoticed for months worldwide,2022-05-22 08:41:00.661170
Hoping to rent a car this summer? Good luck,2022-05-22 08:41:00.661170
Nieces continue investigating 60 years after Saskatoon nurse's death,2022-05-22 08:41:00.661170
"What's in Bill 96, Quebec's new law to protect the French language",2022-05-22 08:41:00.661170
"Kate McKinnon, Pete Davidson among 4 cast members departing from SNL",2022-05-22 08:41:00.661170
MLB investigating after Yankees' Donaldson accused of making racist remark toward White Sox's Anderson,2022-05-22 08:41:00.661170
Here's what the Trudeau government can still try to protect Canadians from inflation,2022-05-22 08:41:00.661170
"Price fixing has sent Realtor commissions soaring in an already hot market, lawsuit alleges",2022-05-22 08:41:00.661170
WATCH: CBC News Network,2022-05-22 08:41:00.661170
"Canada needs a 'more consistent' presence in North to bolster security, Inuit leader says",2022-05-22 08:41:00.661170
Toronto announces 1st suspected monkeypox case,2022-05-22 08:41:00.661170
A gunman cost east Buffalo its only large grocery store — so locals are banding together to keep people fed,2022-05-22 08:41:00.661170
87-year-old pilot ends elite flying career with cross-country flight to N.B.,2022-05-22 08:41:00.661170
Iranian soccer official coming to Canada attended party with man sought by FBI over kidnap plot,2022-05-22 08:41:00.661170
3 ways digital tech will make you think differently about original art,2022-05-22 08:41:00.661170
Kids in the Hall are coming back — but is sketch comedy coming too?,2022-05-22 08:41:00.661170
"Youngest victim of Buffalo, N.Y., mass shooting laid to rest",2022-05-22 08:41:00.661170
Avian flu outbreak has farmers nervous in Fraser Valley — home to 80% of B.C.'s poultry farms,2022-05-22 08:41:00.661170
Australian PM concedes election defeat as Labor Party looks likely to form government,2022-05-22 08:41:00.661170
Why federal Liberal voters are key to Doug Ford's Ontario election chances,2022-05-22 08:41:00.661170
"Storm damages buildings, cuts power to thousands across Quebec",2022-05-22 08:41:00.661170
Canada to join British-led mission to train Ukrainian recruits: sources,2022-08-04 08:50:19.947738
Toronto senior diagnosed with rare disorder after COVID vaccine last summer still waiting  for compensation,2022-08-04 08:50:19.947738
Ottawa police opt against laying charges after 'desecration' at Tomb of the Unknown Soldier,2022-08-04 08:50:19.947738
China holds live-fire military exercises in Taiwan Strait,2022-08-04 08:50:19.947738
Climate change means Alberta could see more large hail events in the future. Here's why,2022-08-04 08:50:19.947738
"2 years after the Beirut blast, the youngest victim's parents are still fighting for justice",2022-08-04 08:50:19.947738
"Premieres, prizes and pickles at Montreal's Fantasia Film Festival that 'showcases the weird'",2022-08-04 08:50:19.947738
"Vancouver home sales dropping fast amid inflation, rising interest rates",2022-08-04 08:50:19.947738
"Charest, Baber and Aitchison keep it courteous in final Conservative leadership debate",2022-08-04 08:50:19.947738
U.S. says Russia fabricating evidence in Ukraine PoW deaths,2022-08-04 08:50:19.947738
Crews ignite planned burns in effort to contain B.C. wildfires; blaze near Penticton grows by 52%,2022-08-04 08:50:19.947738
Batgirl won't see the light of day after Warner Bros. cancels release,2022-08-04 08:50:19.947738
"Freeze funding for Sask. Christian school facing 'sickening' abuse allegations: Opposition, students",2022-08-04 08:50:19.947738
Conspiracy theorist Alex Jones concedes Sandy Hook shooting '100% real' at defamation trial,2022-08-04 08:50:19.947738
"'A new phenomenon': Big investors eye Canada's home market, ReMax president says",2022-08-04 08:50:19.947738
Police arrest man in video of transphobic hate incident on Hamilton bus,2022-08-04 08:50:19.947738
WATCH: CBC News Network,2022-08-04 08:50:19.947738
'I just dig deep': Manitoba expat places 1st in Canadian Death Race 15 months after near-fatal accident,2022-08-04 08:50:19.947738
Springsteen's 'dynamic' ticket prices just the latest twist in Ticketmaster saga,2022-08-04 08:50:19.947738
Man charged after vehicle rams Parliament Hill gates,2022-08-04 08:50:19.947738
"Should this pre-Confederation, yellow brick home be razed to make room for a road?",2022-08-04 08:50:19.947738
"Volcano near Iceland's capital, main airport erupts again after 8-month pause",2022-08-04 08:50:19.947738
"'I could clean up my house with a rake,' says homeowner who lost cabin in B.C. wildfire",2022-08-04 08:50:19.947738
"Your monkeypox questions, answered",2022-08-04 08:50:19.947738
Foreigners seeking monkeypox vaccine in Canada,2022-08-04 08:50:19.947738
Voters in conservative Kansas resoundingly affirm support for access to abortion,2022-08-04 08:50:19.947738
Calgary had no ambulances available an average of 420 times per month to start 2022,2022-08-04 08:50:19.947738
Ottawa tells Saskatchewan Cree Nation it's 'deeply sorry' for assimilative 'colony scheme',2022-08-04 08:50:19.947738
Sarah Mitton's shot put title highlights Canada's 5-gold day at Commonwealth Games,2022-08-04 08:50:19.947738
Renters are feeling the pinch nationwide — these 5 charts break it down,2022-08-05 08:44:50.232595
Quebec woman upset after pharmacist denies her morning-after pill due to his religious beliefs,2022-08-05 08:44:50.232595
"Businesses desperately need productivity gains to battle worker shortage, but no one is quite sure how",2022-08-05 08:44:50.232595
What's a 'clean' beauty product? No one can say for sure,2022-08-05 08:44:50.232595
What did writer Neil Gaiman need to change for The Sandman comic to make it to Netflix? Everything,2022-08-05 08:44:50.232595
"On Broadway, diversity takes a step into the spotlight",2022-08-05 08:44:50.232595
Conspiracy theorist Alex Jones ordered to pay parents of Sandy Hook victim $4M for calling massacre a hoax,2022-08-05 08:44:50.232595
Small B.C. community ordered to evacuate from path of wildfire southwest of Penticton,2022-08-05 08:44:50.232595
"Chinese military exercises aimed at Taiwan a 'grave problem' for region, Japan's PM says",2022-08-05 08:44:50.232595
U.K. research offers hints into mystery liver disease affecting children,2022-08-05 08:44:50.232595
High court won't hear case involving estate of dismembered B.C. multimillionaire,2022-08-05 08:44:50.232595
Alberta government to change bonus rules after hefty payout to Hinshaw during COVID-19,2022-08-05 08:44:50.232595
Supreme Court won't hear appeal by parents who have faced 2 trials in son's death,2022-08-05 08:44:50.232595
"Teen boys make up majority of victims of recently reported sextortion crimes, new data shows",2022-08-05 08:44:50.232595
Top Sask. court dismisses father's appeal against getting children COVID-19 vaccines,2022-08-05 08:44:50.232595
Basketball star Brittney Griner sentenced to 9 years in Russian prison on drug charges,2022-08-05 08:44:50.232595
WATCH: CBC News Network,2022-08-05 08:44:50.232595
"While Poilievre mocks, his Conservative leadership rivals offer a few parting words",2022-08-05 08:44:50.232595
"West Virginia man gets 3 years for threats against Drs. Fauci, Collins",2022-08-05 08:44:50.232595
Kansas vote on abortion broke the mould. Party strategists now have to figure out what it means,2022-08-05 08:44:50.232595
U.S. declares monkeypox a public health emergency,2022-08-05 08:44:50.232595
Why U.K.'s Conservative Party is holding its 3rd leadership race in 6 years,2022-08-05 08:44:50.232595
Toronto’s Sick Kids Hospital warns of service disruptions amid staffing crunch,2022-08-05 08:44:50.232595
Video played in court shows Hamilton police officer 'stomp' on Indigenous man's head during arrest,2022-08-05 08:44:50.232595
"Meet the Treaty 3 Titans, who dominated the volleyball courts at Ontario's Summer Indigenous Games",2022-08-05 08:44:50.232595
"Pelosi's visit inflamed tensions between China, Taiwan that go back 70 years",2022-08-05 08:44:50.232595
Hockey Canada commissions former Supreme Court justice to lead review into governance,2022-08-05 08:44:50.232595
Canada wins gold in rhythmic gymnastics team event at Commonwealth Games,2022-08-05 08:44:50.232595
4 Kentucky police officers face federal charges in Breonna Taylor killing,2022-08-05 08:44:50.232595
"China's live-fire exercises off Taiwan an 'unnecessary escalation,' defence minister says",2022-08-06 08:43:56.891931
Can 'green banks' bring clean energy to the masses? The U.S. is betting $27B on it,2022-08-06 08:43:56.891931
"After UN chief calls out 'scandalous' profits, Ottawa offers no plan to hike taxes on oil and gas industry",2022-08-06 08:43:56.891931
"Jailing of Brittney Griner won't shake allure of high pay in autocratic states, sports observers say",2022-08-06 08:43:56.891931
Why authentic abortion stories in TV and film are a sign of the times in post-Roe era,2022-08-06 08:43:56.891931
Senegal's government accuses Canadian police of 'savagely' beating Ottawa embassy diplomat,2022-08-06 08:43:56.891931
Hiroshima marks atomic bombing anniversary amid fears of a new nuclear arms race,2022-08-06 08:43:56.891931
YouTuber agrees to dismantle his backwoods Yukon cabin after court action,2022-08-06 08:43:56.891931
Kevin Spacey ordered to pay over $30M US to House of Cards creators,2022-08-06 08:43:56.891931
Conspiracy theorist Alex Jones ordered to pay another $45.2M US to Sandy Hook victim's parents,2022-08-06 08:43:56.891931
China freezing out U.S. as relations in 'downward spiral' after Pelosi's Taiwan visit,2022-08-06 08:43:56.891931
Missing woman Dawn Walker and child found safe after they 'illegally entered the United States': police,2022-08-06 08:43:56.891931
3rd victim dies after lightning strike near White House,2022-08-06 08:43:56.891931
Judge instructs jury before its deliberations in online extortion case of B.C. teen Amanda Todd,2022-08-06 08:43:56.891931
Quebec woman speaks out after pharmacist denies her morning-after pill due to his religious beliefs,2022-08-06 08:43:56.891931
Ottawa to temporarily ban handgun imports until permanent freeze comes into effect,2022-08-06 08:43:56.891931
WATCH: CBC News Network,2022-08-06 08:43:56.891931
"Canada lost 31,000 jobs last month, the second straight monthly decline",2022-08-06 08:43:56.891931
Suspect in Montreal-area shootings was deemed danger to public but released from psychiatric ward,2022-08-06 08:43:56.891931
Health Canada warns of fake COVID-19 test kits after some found in Ontario,2022-08-06 08:43:56.891931
Renters are feeling the pinch nationwide. These 5 charts break it down,2022-08-06 08:43:56.891931
"NASA's Artemis program sets sights on the moon, then Mars",2022-08-06 08:43:56.891931
Assembly of Manitoba Chiefs votes to remove suspended Grand Chief Arlen Dumas,2022-08-06 08:43:56.891931
Meet the women who chase storms in Alberta,2022-08-06 08:43:56.891931
Kremlin insists discussions around possible Griner swap be held without publicity,2022-08-06 08:43:56.891931
Fewer than half of flights from Pearson airport left on time last week — and that's an improvement from July,2022-08-06 08:43:56.891931
Why the Nuluujaat Land Guardians' counterclaim against Baffinland Iron Mines is unique in Canada,2022-08-06 08:43:56.891931
"Canada's Mia Vallée, Amar Dhesi win gold medals at Commonwealth Games",2022-08-06 08:43:56.891931
"France facing 'most severe drought' in its history, PM says",2022-08-06 08:43:56.891931
Many federal government employees balking at returning to offices,2022-08-07 08:42:45.927351
Why human rights groups say it's in Ukraine's best interest to take war crimes allegations seriously,2022-08-07 08:42:45.927351
Did I make a mistake by not investing in a house?,2022-08-07 08:42:45.927351
How Kate has found her role as the House of Windsor looks to its future,2022-08-07 08:42:45.927351
Rings of Power stars explain what to expect from new Lord of the Rings series,2022-08-07 08:42:45.927351
N.L. government declares state of emergency as forest fires rage,2022-08-07 08:42:45.927351
Dutch man Aydin Coban convicted of sexually extorting B.C. teen Amanda Todd,2022-08-07 08:42:45.927351
England's bra-baring soccer celebration puts spotlight on breast health,2022-08-07 08:42:45.927351
Staff shortages force Ontario mother to take on nursing duties for sick child,2022-08-07 08:42:45.927351
"UN calls out 'grotesque greed' of energy companies — Canada should do more to tax the industry, NDP says",2022-08-07 08:42:45.927351
Quebec police watchdog asked to investigate alleged beating of Senegalese diplomat,2022-08-07 08:42:45.927351
Authentic abortion stories in TV and film a sign of the times in post-Roe era,2022-08-07 08:42:45.927351
Hockey Canada’s board chair resigns amid fallout from organization’s handling of sexual assault allegations,2022-08-07 08:42:45.927351
"Israeli jets pound militant targets in Gaza, as rockets rain on southern Israel",2022-08-07 08:42:45.927351
Can 'green banks' bring clean energy to the masses? The U.S. is betting $27B on it,2022-08-07 08:42:45.927351
"China's live-fire exercises off Taiwan an 'unnecessary escalation,' Canada's defence minister says",2022-08-07 08:42:45.927351
WATCH: CBC News Network,2022-08-07 08:42:45.927351
Fisheries official denies coverup allegations over research into endangered B.C. steelhead,2022-08-07 08:42:45.927351
I want my daughter to be proud to be Inuk. That's why we return home to Great Caribou Island,2022-08-07 08:42:45.927351
"Russian forces begin assault on 2 Eastern Ukraine cities, as rocket attacks continue",2022-08-07 08:42:45.927351
Canadian hammer thrower Camryn Rogers wins gold at Commonwealth Games,2022-08-07 08:42:45.927351
"Jailing of Brittney Griner won't shake allure of high pay in autocratic states, sports observers say",2022-08-07 08:42:45.927351
Indigenous teens hope return of lacrosse to Canada Games will inspire future generations,2022-08-07 08:42:45.927351
YouTuber agrees to dismantle his backwoods Yukon cabin after court action,2022-08-07 08:42:45.927351
Conspiracy theorist Alex Jones ordered to pay another $45.2M US to Sandy Hook victim's parents,2022-08-07 08:42:45.927351
Digital nomads vs. locals in Mexico City,2022-08-07 08:42:45.927351
Canadian hammer thrower Camryn Rogers wins gold at Commonwealth Games,2022-08-07 08:42:45.927351
Missing woman Dawn Walker and child found safe after they 'illegally entered the United States': police,2022-08-07 08:42:45.927351
Hiroshima marks atomic bombing anniversary amid fears of a new nuclear arms race,2022-08-07 08:42:45.927351
Turf war heats up between real estate disruptor and industry establishment,2022-08-08 08:48:00.985486
"It's once again time for the Perseids, one of the best meteor showers of the year",2022-08-08 08:48:00.985486
A honey of a problem: Manitoba apiaries work to recover from huge winter losses,2022-08-08 08:48:00.985486
"As an immigrant, I longed for family. Now neighbours have become that kin for me",2022-08-08 08:48:00.985486
Many federal workers don't want to return to the office — and they're making their displeasure known,2022-08-08 08:48:00.985486
"Air Canada denies certain compensations claims, calls staff shortages a 'safety-related issue'",2022-08-08 08:48:00.985486
Thibeault's boxing title highlights Canada's 4-gold medal day at Commonwealth Games,2022-08-08 08:48:00.985486
"Egypt-brokered ceasefire between Israel, Islamic Jihad militants in Gaza takes effect",2022-08-08 08:48:00.985486
State of emergency in central Newfoundland extended amid forest fires,2022-08-08 08:48:00.985486
"Amber Alert in Saskatchewan ends after boy, 2, found safe",2022-08-08 08:48:00.985486
Police shoot suspect after 4 injured in machete attack in downtown Vancouver,2022-08-08 08:48:00.985486
Millions of Canadians try to stay cool during heat wave,2022-08-08 08:48:00.985486
Bill with incentives for 'North American' electric vehicles passes in U.S. Senate,2022-08-08 08:48:00.985486
Montreal Pride Festival cancels parade due to lack of security staff,2022-08-08 08:48:00.985486
How Kate has found her role as the House of Windsor looks to its future,2022-08-08 08:48:00.985486
Greece wants its marbles back from the British Museum — and this digital archeologist has a solution,2022-08-08 08:48:00.985486
WATCH: CBC News Network,2022-08-08 08:48:00.985486
Ticketmaster troubles; Tim Hortons offers treats to settle class-action suits: CBC's Marketplace cheat sheet,2022-08-08 08:48:00.985486
Rings of Power stars explain what to expect from new Lord of the Rings series,2022-08-08 08:48:00.985486
A secret no more: Canada's 1st codebreaking unit comes out of the shadows,2022-08-08 08:48:00.985486
Human rights groups criticized some Ukrainian war actions. Experts say they should be taken seriously,2022-08-08 08:48:00.985486
Second World War bomb revealed in drought-hit Italy's River Po,2022-08-08 08:48:00.985486
Banding baby burrowing owls 'the best day of the year' — though fate of endangered species uncertain,2022-08-08 08:48:00.985486
Dutch man Aydin Coban convicted of sexually extorting B.C. teen Amanda Todd,2022-08-08 08:48:00.985486
"Chinese, Taiwanese warships eye each other as drills due to end",2022-08-08 08:48:00.985486
"Worker wounded in new Russian strike on Zaporizhzhia nuclear plant, Ukraine says",2022-08-08 08:48:00.985486
"First Nation, tech company collaborate to prepare for climate change's effects on harvesting waters",2022-08-08 08:48:00.985486
England's bra-baring soccer celebration puts spotlight on breast health,2022-08-08 08:48:00.985486
Staff shortages force Ontario mother to take on nursing duties for sick child,2022-08-08 08:48:00.985486
Lawsuit alleges sexual abuse of former students and coverup at private Sask. Christian school,2022-08-09 08:45:05.499084
Trump says FBI agents have raided his Florida home,2022-08-09 08:45:05.499084
"Seeing double in Twinsburg — more than 2,000 pairs of twins descend on Ohio town",2022-08-09 08:45:05.499084
"To rate wildfire danger, Britain looks to Canada",2022-08-09 08:45:05.499084
Nearly 9 million Canadians have uncashed cheques from the CRA — worth $1.4B,2022-08-09 08:45:05.499084
"Family launches lawsuit against West Edmonton Mall, Cineplex Entertainment following teen death",2022-08-09 08:45:05.499084
"In fight against Bay du Nord oil project, environmental groups turn to courts and Norwegian public",2022-08-09 08:45:05.499084
U.S. court docs outline allegations that Sask. woman staged her disappearance,2022-08-09 08:45:05.499084
Top soldier says he won't confirm or deny that Canadians troops are on the ground in Ukraine,2022-08-09 08:45:05.499084
Diplomat involved in Gatineau police altercation was in legal dispute with landlord,2022-08-09 08:45:05.499084
"Bill Graham, a former defence and foreign affairs minister, has died",2022-08-09 08:45:05.499084
Hockey Canada dropped non-disclosure agreement with sex assault complainant,2022-08-09 08:45:05.499084
"Teenage Head's Gord Lewis found dead in Hamilton apartment, guitarist's son charged with murder",2022-08-09 08:45:05.499084
Jaida Lee becomes 1st female to pitch in Canada Games men's competition,2022-08-09 08:45:05.499084
Singer and actress Olivia Newton-John dead at 73,2022-08-09 08:45:05.499084
Amanda Todd's mom reflects on long struggle to bring daughter's tormentor to justice,2022-08-09 08:45:05.499084
WATCH: CBC News Network,2022-08-09 08:45:05.499084
Privacy commissioner calls for stronger laws to regulate spyware use in RCMP investigations,2022-08-09 08:45:05.499084
Out-of-control fires have Newfoundland towns on edge as crisis moves into 3rd week,2022-08-09 08:45:05.499084
"Conspiracy theory about 'new world order' won't save Vancouver home from foreclosure, judge rules",2022-08-09 08:45:05.499084
"No mandatory masks in Ontario schools this fall, Education Ministry says",2022-08-09 08:45:05.499084
Montreal Pride organizer says parade was cancelled because hiring staff was 'never done',2022-08-09 08:45:05.499084
Rising fears as Ukraine nuclear plant shelled,2022-08-09 08:45:05.499084
Hollie Naughton serves as Canada's flag-bearer for Commonwealth Games closing ceremony,2022-08-09 08:45:05.499084
"Father, son get life for hate crime in Ahmaud Arbery's killing",2022-08-09 08:45:05.499084
"Family launches lawsuit against West Edmonton Mall, Cineplex Entertainment following teen death",2022-08-09 08:45:05.499084
"Winnipeg-bound passengers given mats, left to sleep on floor at Toronto Pearson airport",2022-08-09 08:45:05.499084
Turf war heats up between real estate disruptor and industry establishment,2022-08-09 08:45:05.499084
Former Sask. private school students allege being 'coerced' into working on political campaigns,2022-08-09 08:45:05.499084
These charts show nurses are doing more OT than ever. They say it's driving many from the profession,2022-08-10 08:45:02.629306
These charts show nurses are doing more OT than ever. They say it's driving many from the profession,2022-08-10 08:45:02.629306
"Hospitals are under 'unprecedented' strain from staff shortages, says Ontario Health VP",2022-08-10 08:45:02.629306
Woman says she blacked out from pain during 19-hour wait in Windsor ER before learning she has cancer,2022-08-10 08:45:02.629306
A checklist on the Biden presidency: His legislative wins and losses,2022-08-10 08:45:02.629306
"You tip your hairdresser, but what about your mechanic? Expect to see more 'tip creep'",2022-08-10 08:45:02.629306
"Amid the country's economic collapse, many Sri Lankans struggle to eat",2022-08-10 08:45:02.629306
'Waiting for our death': Afghan military lawyers beg Canada for help,2022-08-10 08:45:02.629306
"Sask. RCMP say 2 children at centre of Amber Alert believed to be in danger, warrant issued for man",2022-08-10 08:45:02.629306
"Hockey Canada scandal shows the need to ban non-disclosure agreements, advocates say",2022-08-10 08:45:02.629306
"Donald Trump's current legal woes, explained",2022-08-10 08:45:02.629306
Multiple arrests following skirmish with police as tents removed from Vancouver's Downtown Eastside,2022-08-10 08:45:02.629306
"Sask. woman, accused of faking own death, says she had 'no choice' but to flee",2022-08-10 08:45:02.629306
Serena Williams's retirement announcement a full-circle moment in Canada,2022-08-10 08:45:02.629306
Ontario man pleads guilty to threatening Trudeau at campaign stop last summer,2022-08-10 08:45:02.629306
"Trans star on Twitch fears for her life after someone sent police to her London, Ont., home",2022-08-10 08:45:02.629306
"Top commander defends military's vaccine requirement, says 'tweak' in the works",2022-08-10 08:45:02.629306
This beautiful blue parrot has returned to the wild 2 years after being declared extinct,2022-08-10 08:45:02.629306
"Major highway reopens to cut-off Newfoundland communities, as forest fires continue to rage",2022-08-10 08:45:02.629306
WATCH: CBC News Network,2022-08-10 08:45:02.629306
"Alberta cabinet minister disavows racist, sexist essay that won prize",2022-08-10 08:45:02.629306
Claims against Edmonton Oilers owner Daryl Katz dropped from U.S. lawsuit,2022-08-10 08:45:02.629306
"Liberals will fulfil promise of dental care for kids, Freeland says",2022-08-10 08:45:02.629306
4 in 5 people who died last year while receiving child welfare in Alberta were Indigenous,2022-08-10 08:45:02.629306
Radio host John Derringer and Q107 'part ways' amid misconduct investigation,2022-08-10 08:45:02.629306
Freeland condemns police brutality after altercation between police and Senegalese diplomat,2022-08-10 08:45:02.629306
Nearly 9 million Canadians have uncashed cheques from the CRA — worth $1.4B,2022-08-10 08:45:02.629306
Large explosions rock Russian military air base in Crimea,2022-08-10 08:45:02.629306
Canadian tech company Hootsuite laying off 30% of staff,2022-08-10 08:45:02.629306
A real estate transaction gave me neighbours. A car crash taught me to value them,2022-08-10 08:45:02.629306
"Seeing double in Twinsburg — more than 2,000 pairs of twins descend on Ohio town",2022-08-10 08:45:02.629306
New Mexico police charge suspect in ambush-style killings of Muslim men,2022-08-10 08:45:02.629306
